[
    {
      "projectId": 1,
      "type": "featured",
      "slug": "kusum_sarovar_gates_1",
      "thumbnailUrl": "1.jpg",
      "heroSection": 
          {
            "id": "01",
            "title": "Kusum Sarovar Gates 1",
            "imageUrl": "1.jpg",
            "date": "March 2019"
          },
      "galleryImages": [
            { "id": 1, "url": "https://via.placeholder.com/600/92c952", "alt": "" },
            { "id": 2, "url": "https://via.placeholder.com/600/771796", "alt": "" },
            { "id": 3, "url": "https://via.placeholder.com/600/24f355", "alt": "" }
            
        ],
        "headingOne":
            {
                "headingid": "01",
                "headingsize": "small",
                "headingtext":"About Innovative lighting designs",
                "extraclass": "information-container-grid--info-container mx-auto mt-20",
                "paragraphtext": "Welcome to the future in lighting solutions. We don’t just do lighting. We do aesthetic illumination, paired with pioneering technology that is both user-friendly and cutting edge."
            }
        ,
        "headingTwo":
            {
                "headingid": "02",
                "headingsize": "large",
                "headingtext":"Projects by ild",
                "paragraphtext": "Innovation is more than a buzzword for us, it’s a way of life. At ILD, we understand the value that lighting adds to architecture and space design. Our aim is to create energy efficient, technology-driven and aesthetically stunning lighting solutions for our clients across various segments."
         }
        
},
{
    "projectId": 2,
    "type": "featured",
    "slug": "kusum_sarovar_gates_2",
    "thumbnailUrl": "2.jpg",
    "heroSection":
        {
          "id": "02",
          "title": "Kusum Sarovar Gates 2",
          "imageUrl": "2.jpg",
          "date": "April 2019"
        },
    "galleryImages": [
          { "id": 1, "url": "https://via.placeholder.com/600/92c952", "alt": "" },
          { "id": 2, "url": "https://via.placeholder.com/600/771796", "alt": "" },
          { "id": 3, "url": "https://via.placeholder.com/600/24f355", "alt": "" }
          
      ],
      "headingOne":
          {
              "headingid": "01",
              "headingsize": "small",
              "headingtext":"About Innovative lighting designs",
              "extraclass": "information-container-grid--info-container mx-auto mt-20",
              "paragraphtext": "Welcome to the future in lighting solutions. We don’t just do lighting. We do aesthetic illumination, paired with pioneering technology that is both user-friendly and cutting edge."
          },
      "headingTwo":
          {
              "headingid": "02",
              "headingsize": "large",
              "headingtext":"Projects by ild",
              "paragraphtext": "Innovation is more than a buzzword for us, it’s a way of life. At ILD, we understand the value that lighting adds to architecture and space design. Our aim is to create energy efficient, technology-driven and aesthetically stunning lighting solutions for our clients across various segments."
       }
},
{
    "projectId": 3,
    "type": "featured",
    "slug": "kusum_sarovar_gates_3",
    "thumbnailUrl": "3.jpg",
    "heroSection": 
        {
          "id": "03",
          "title": "Kusum Sarovar Gates 3",
          "imageUrl": "3.jpg",
          "date": "May 2019"
        },
    "galleryImages": [
          { "id": 1, "url": "https://via.placeholder.com/600/92c952", "alt": "" },
          { "id": 2, "url": "https://via.placeholder.com/600/771796", "alt": "" },
          { "id": 3, "url": "https://via.placeholder.com/600/24f355", "alt": "" }
          
      ],
      "headingOne":
          {
              "headingid": "01",
              "headingsize": "small",
              "headingtext":"About Innovative lighting designs",
              "extraclass": "information-container-grid--info-container mx-auto mt-20",
              "paragraphtext": "Welcome to the future in lighting solutions. We don’t just do lighting. We do aesthetic illumination, paired with pioneering technology that is both user-friendly and cutting edge."
          },
      "headingTwo":
          {
              "headingid": "02",
              "headingsize": "large",
              "headingtext":"Projects by ild",
              "paragraphtext": "Innovation is more than a buzzword for us, it’s a way of life. At ILD, we understand the value that lighting adds to architecture and space design. Our aim is to create energy efficient, technology-driven and aesthetically stunning lighting solutions for our clients across various segments."
       }
},
{
    "projectId": 4,
    "type": "",
    "slug": "kusum_sarovar_gates_4",
    "thumbnailUrl": "4.jpg",
    "heroSection": 
        {
          "id": "04",
          "title": "Kusum Sarovar Gates 4",
          "imageUrl": "4.jpg",
          "date": "January 2020"
        },
    "galleryImages": [
          { "id": 1, "url": "https://via.placeholder.com/600/92c952", "alt": "" },
          { "id": 2, "url": "https://via.placeholder.com/600/771796", "alt": "" },
          { "id": 3, "url": "https://via.placeholder.com/600/24f355", "alt": "" }
          
      ],
      "headingOne":
          {
              "headingid": "01",
              "headingsize": "small",
              "headingtext":"About Innovative lighting designs",
              "extraclass": "information-container-grid--info-container mx-auto mt-20",
              "paragraphtext": "Welcome to the future in lighting solutions. We don’t just do lighting. We do aesthetic illumination, paired with pioneering technology that is both user-friendly and cutting edge."
          },
      "headingTwo":
          {
              "headingid": "02",
              "headingsize": "large",
              "headingtext":"Projects by ild",
              "paragraphtext": "Innovation is more than a buzzword for us, it’s a way of life. At ILD, we understand the value that lighting adds to architecture and space design. Our aim is to create energy efficient, technology-driven and aesthetically stunning lighting solutions for our clients across various segments."
       }
} 

  ]